<?xml version='1.0' encoding='utf-8'?>
<!DOCTYPE hibernate-configuration PUBLIC
        "-//Hibernate/Hibernate Configuration DTD//EN"
        "http://www.hibernate.org/dtd/hibernate-configuration-3.0.dtd">
<hibernate-configuration>
    <session-factory>
        <property name="hibernate.dialect">org.hibernate.dialect.MySQL8Dialect</property>
<!--        <property name="connection.url">jdbc:mysql://awseb-e-mee3mppqez-stack-awsebrdsdatabase-d60bjobgth2c.cr288w4aoup0.us-east-2.rds.amazonaws.com:3306/YourHealthJournal</property>-->
        <property name="connection.url">jdbc:mysql://localhost:3306/YourHealthJournal_test</property>
        <property name="connection.driver_class">com.mysql.cj.jdbc.Driver</property>

        <property name="connection.username">root</property>
        <property name="connection.password">Sqlpanther090!</property>

        <!-- Connection Pool Settings -->
        <property name="hibernate.c3p0.min_size">5</property>
        <property name="hibernate.c3p0.max_size">20</property>
        <property name="hibernate.c3p0.timeout">300</property>
        <property name="hibernate.c3p0.max_statements">50</property>
        <property name="hibernate.c3p0.idle_test_period">3000</property>

        <!-- Mappings -->
        <mapping class="com.grittonbelldev.entity.Food"/>
        <mapping class="com.grittonbelldev.entity.User"/>
        <mapping class="com.grittonbelldev.entity.Meal"/>
        <mapping class="com.grittonbelldev.entity.FoodMealJournal"/>
        <mapping class="com.grittonbelldev.entity.FavoriteItem"/>
        <mapping class="com.grittonbelldev.entity.GlucoseReading"/>

    </session-factory>

</hibernate-configuration>